{"cameraMode":{"drawMode":0,"name":"Shaded","section":"Shading Mode"},"sceneLighting":true,"audioPlay":false,"sceneViewState":{"showFog":true,"showMaterialUpdate":false,"showSkybox":true,"showFlares":true,"showImageEffects":true,"showParticleSystems":true,"showVisualEffectGraphs":true,"m_FxEnabled":true},"in2DMode":false,"pivot":{"x":-0.7280628681182861,"y":7.8971076011657719,"z":16.935728073120118},"rotation":{"x":-0.062212489545345309,"y":0.9370315074920654,"z":-0.2620815932750702,"w":-0.22247157990932465},"size":5.058295249938965,"orthographic":false}